{"coefficients": [1.3677911440704666, 1.612482717774355, 1.608929311504703, 1.7369593672763772, -1.8999626066321442], "intercept": -0.8972018863526654}